Assignment-2
--------------------------------
Sample table: Salesman
CREATE TABLE salesman(salesman_id INT PRIMARY KEY, name VARCHAR(50), city VARCHAR(50), commission DECIMAL(5,2) );
CREATE TABLE

INSERT INTO salesman VALUES(5001,'James Hoog','New York',0.15);
INSERT 0 1
postgres=# INSERT INTO salesman VALUES(5002,'Nail Knite','Paris',0.13);
INSERT 0 1
postgres=# INSERT INTO salesman VALUES(5005,'Pit Alex','London',0.11);
INSERT 0 1
postgres=# INSERT INTO salesman VALUES(5006,'Mc Lyon','Paris',0.14);
INSERT 0 1
postgres=# INSERT INTO salesman VALUES(5007,'Paul Adam','Rome',0.13);
INSERT 0 1
postgres=# INSERT INTO salesman VALUES(5003,'Lauson Hen','San Jose',0.12);
INSERT 0 1
postgres=# SELECT * FROM salesman;
 salesman_id |    name    |   city   | commission
-------------+------------+----------+------------
        5001 | James Hoog | New York |       0.15
        5002 | Nail Knite | Paris    |       0.13
        5005 | Pit Alex   | London   |       0.11
        5006 | Mc Lyon    | Paris    |       0.14
        5007 | Paul Adam  | Rome     |       0.13
        5003 | Lauson Hen | San Jose |       0.12
(6 rows)

******************************************************************************************************************

Sample table: Salesman
-----------------------
 CREATE TABLE customer(customer_id BIGINT, cust_name VARCHAR(50), city VARCHAR(50), grade INT, salesman_id int references Salesman(salesman_id) );
CREATE TABLE
postgres=# INSERT INTO customer VALUES (3002,'Nick Rimando','New  York',100,5001);
INSERT 0 1
postgres=# INSERT INTO customer VALUES (3007,'Brad Davis','New  York',200,5001);
INSERT 0 1
postgres=# INSERT INTO customer VALUES (3005,'Graham Zusi','California',200,5002);
INSERT 0 1
postgres=# INSERT INTO customer VALUES (3008,'Julian Green','London',300,5002);
INSERT 0 1
postgres=# INSERT INTO customer VALUES (3004,'Fabian Johson','Paris',300,5006);
INSERT 0 1
postgres=# INSERT INTO customer VALUES (3009,'Geoff Cameron','Berlin',100,5003);
INSERT 0 1
postgres=# INSERT INTO customer VALUES (3003,'Jozy Altidor','Moscow',200,5007);
INSERT 0 1
                                                              
postgres=# INSERT INTO customer VALUES (3001,'Brad Guzan','London',null ,5005);
INSERT 0 1
postgres=# SELECT * FROM Customer;
 customer_id |   cust_name   |    city    | grade | salesman_id
-------------+---------------+------------+-------+-------------
        3002 | Nick Rimando  | New  York  |   100 |        5001
        3007 | Brad Davis    | New  York  |   200 |        5001
        3005 | Graham Zusi   | California |   200 |        5002
        3008 | Julian Green  | London     |   300 |        5002
        3004 | Fabian Johson | Paris      |   300 |        5006
        3009 | Geoff Cameron | Berlin     |   100 |        5003
        3003 | Jozy Altidor  | Moscow     |   200 |        5007
        3001 | Brad Guzan    | London     |       |        5005
(8 rows)



******************************************************************************************************************

Q. From the above table write the Query to find the salesperson and customer who
 belongs to same city. Return Salesman, cust_name and city.


